{"cameraMode":{"drawMode":0,"name":"Shaded","section":"Shading Mode"},"sceneLighting":true,"audioPlay":false,"sceneViewState":{"showFog":false,"showMaterialUpdate":false,"showSkybox":false,"showFlares":false,"showImageEffects":false,"showParticleSystems":true,"showVisualEffectGraphs":true,"m_FxEnabled":true},"in2DMode":false,"pivot":{"x":0.6412633061408997,"y":1.6877691745758057,"z":-0.6577565670013428},"rotation":{"x":0.14708679914474488,"y":0.22141651809215547,"z":-0.033803485333919528,"w":0.9634301662445068},"size":4.739724636077881,"orthographic":false}